{
  "username": "bill",
  "password": "billbill",
  "system": "TestSystem1",
  "questions": [
    {
      "id": "51596a8ad24251bc0500009e",
      "concepts": [
        "http://www.disease-ontology.org/api/metadata/DOID:7148"
      ],
      "documents": [
        "http://www.ncbi.nlm.nih.gov/pubmed/23217568"
      ],
      "snippets": [
        {
          "beginSection": "sections.0",
          "document": "http://www.ncbi.nlm.nih.gov/pubmed/23217568",
          "endSection": "sections.0",
          "offsetInBeginSection": 591,
          "offsetInEndSection": 678,
          "text": "Our results show a high prevalence of RA in LAC women with a ratio of 5.2 women per man"
        }
      ],
      "triples": [
        {
          "o": "http://linkedlifedata.com/resource/umls/label/A17680439",
          "p": "http://www.w3.org/2008/05/skos-xl#prefLabel",
          "s": "http://linkedlifedata.com/resource/umls/id/C2827401"
        }
      ]
    },
    {
      "id": "5160412d298dcd4e5100003c",
      "concepts": [
        "http://www.nlm.nih.gov/cgi/mesh/2012/MB_cgi?field=uid&exact=Find+Exact+Term&term=D001171"
      ],
      "documents": [
        "http://www.ncbi.nlm.nih.gov/pubmed/22853635"
      ],
      "snippets": [
        {
          "beginSection": "sections.0",
          "document": "http://www.ncbi.nlm.nih.gov/pubmed/23217568",
          "endSection": "sections.0",
          "offsetInBeginSection": 591,
          "offsetInEndSection": 678,
          "text": "Our results show a high prevalence of RA in LAC women with a ratio of 5.2 women per man"
        }
      ],
      "triples": [
        {
          "o": "http://linkedlifedata.com/resource/umls/label/A17680439",
          "p": "http://www.w3.org/2008/05/skos-xl#prefLabel",
          "s": "http://linkedlifedata.com/resource/umls/id/C2827401"
        }
      ]
    },
    {
      "id": "5162e011298dcd4e51000049",
      "concepts": [
        "http://www.nlm.nih.gov/cgi/mesh/2012/MB_cgi?field=uid&exact=Find+Exact+Term&term=D012217"
      ],
      "documents": [
        "http://www.ncbi.nlm.nih.gov/pubmed/20889597"
      ],
      "snippets": [
        {
          "beginSection": "sections.0",
          "document": "http://www.ncbi.nlm.nih.gov/pubmed/23217568",
          "endSection": "sections.0",
          "offsetInBeginSection": 591,
          "offsetInEndSection": 678,
          "text": "Our results show a high prevalence of RA in LAC women with a ratio of 5.2 women per man"
        }
      ],
      "triples": [
        {
          "o": "http://linkedlifedata.com/resource/umls/label/A17680439",
          "p": "http://www.w3.org/2008/05/skos-xl#prefLabel",
          "s": "http://linkedlifedata.com/resource/umls/id/C2827401"
        }
      ]
    },
    {
      "id": "51659356298dcd4e5100005a",
      "concepts": [
        "http://www.disease-ontology.org/api/metadata/DOID:7148"
      ],
      "documents": [
        "http://www.ncbi.nlm.nih.gov/pubmed/16418123"
      ],
      "snippets": [
        {
          "beginSection": "sections.0",
          "document": "http://www.ncbi.nlm.nih.gov/pubmed/23217568",
          "endSection": "sections.0",
          "offsetInBeginSection": 591,
          "offsetInEndSection": 678,
          "text": "Our results show a high prevalence of RA in LAC women with a ratio of 5.2 women per man"
        }
      ],
      "triples": [
        {
          "o": "http://linkedlifedata.com/resource/umls/label/A17680439",
          "p": "http://www.w3.org/2008/05/skos-xl#prefLabel",
          "s": "http://linkedlifedata.com/resource/umls/id/C2827401"
        }
      ]
    }
  ]
}